title,vote,comments,Timeposted,PostUrl
Housing Megathread,36,300 comments,2 months ago,/r/ASU/comments/l1k9be/housing_megathread/
"Weekly /r/ASU Discussion - April 12, 2021",36,11 comments,2 days ago,/r/ASU/comments/mpao6f/weekly_rasu_discussion_april_12_2021/
Reporting a professor,3,20 comments,10 hours ago,/r/ASU/comments/mqt973/reporting_a_professor/
Church people around campus again,3,10 comments,3 hours ago,/r/ASU/comments/mr2euv/church_people_around_campus_again/
Goodbye Rula Bula!,84,4 comments,1 hour ago,/r/ASU/comments/mr3z7u/goodbye_rula_bula/
Random question curiosity,84,2 comments,1 hour ago,/r/ASU/comments/mr4rp2/random_question_curiosity/
Business Majors Needed (Preferably Marketing),9,1 comment,5 hours ago,/r/ASU/comments/mqzw85/business_majors_needed_preferably_marketing/
"Please do us mods a favor and if you report something for ""Claiming ownership of another person's cat"", make a post in the post you're reporting linking to the OC poster. Thank you!",1.0k,0 comments,2 years ago,/r/cats/comments/9ko0du/please_do_us_mods_a_favor_and_if_you_report/
"My sweet girl passed away yesterday. We had 18 wonderful years together. Rest easy, little one.",1.0k,148 comments,4 hours ago,/r/cats/comments/mr0nop/my_sweet_girl_passed_away_yesterday_we_had_18/
"When Margo was a kitten, I took her to the office every day. Her favorite thing to do was to climb her way onto my shoulder and watch me work.",7.1k,233 comments,14 hours ago,/r/cats/comments/mqp841/when_margo_was_a_kitten_i_took_her_to_the_office/
"His adoption date was 4/12/21! He's a four year old sweetheart who already cuddles. His name is Sylvester, he's my first pet:)",7.1k,146 comments,13 hours ago,/r/cats/comments/mqqblu/his_adoption_date_was_41221_hes_a_four_year_old/
My girl getting her first sniff of spring air,21.3k,26 comments,9 hours ago,/r/cats/comments/mqubo0/my_girl_getting_her_first_sniff_of_spring_air/
"She was a stray living in our back yard for years, last year she decided to not fight it amymore and and live with us inside.",21.3k,9 comments,2 hours ago,/r/cats/comments/mr2u4p/she_was_a_stray_living_in_our_back_yard_for_years/
pwetty pwease!,5.2k,16 comments,7 hours ago,/r/cats/comments/mqxmiq/pwetty_pwease/
