postTitle,postUrl,votes,postedBy,postedAt,comments
u/Mazzocchi,47 Comments,11 hours ago,We're interviewing Mets and former Twins reliever Trevor May for RBaseball Weekly! What questions do you have for him?,https://www.reddit.com/r/baseball/comments/mqvntp/were_interviewing_mets_and_former_twins_reliever/,74
u/BaseballBot,778 Comments,2 hours ago,Chicago White Sox pitcher Carlos Rodón has pitched the 307th no-hitter in MLB history against the Cleveland Indians!,https://www.reddit.com/r/baseball/comments/mr64ol/chicago_white_sox_pitcher_carlos_rod%C3%B3n_has/,4.2k
u/handlit33,155 Comments,2 hours ago,Jose Abreu makes a perfectly ordinary out at first.,https://www.reddit.com/r/baseball/comments/mr5zcv/jose_abreu_makes_a_perfectly_ordinary_out_at_first/,1.5k
u/Playstation,0 Comments,6 hours ago,Knowing you get to keep your MLB The Show 21 player cards forever once you earn them has me feeling:,https://www.reddit.com/user/Playstation/comments/mr1ixr/knowing_you_get_to_keep_your_mlb_the_show_21/?instanceId=t3_z%3DgAAAAABgd81fvOcpwokVVBKj0GUN_3vQS3Tdh17PxwEY1TOxZH9JIjeHUPGvrPv6Yy6YJWiLvDxIDKgZs_HXWdHX9_mlC2DZE2wQTGzp4Ctz3ll8LZ4t32k92QZwjJbvWdLGI5VkzsxNF3cINTV0jvccO_Txy1Ad0Z19DvP3NqqOjz76hRjJUokINqHYAH17FFIa5ySTQiHWc9MKn355uGdEbXg0RixiDAwKTI4j_FQBooEmXWRK_KAz-UH8bIoctKCZYx-zLQiwFdilgRBMd2_tMloiKnl2J6ynTsm7q33nVZMREJTy_PTAfubpQ2b0xD32ZC1IeYbaEnue2KxkLAfv9WyXHTQvVaqk_ioqXm1SntsbB90HpqjWZxqTq5eoWP23MhDVcR9-btMvP6wAoGOlkeSSv2JCjNJirhn-1xUIgrd_w0t68tFmRd57MOoM9A0Zu-7cy42VQScYgvdgDm5NW8r8CD-d0ZVzyA6QLz4M2ukxvas14f4kPN1SgZpwL21xntXVyLVd-iNnCT8cjWSpY7m5Z9CYZma67GVCajJgJK9v4aCY9wqWHgfE9ol9S8ievkRZotR5W5cx1GzmI_g54sdO-2tiK8skyvQ0iyksszDUqmUVHnVdWb4aLC9myCSd73YH4MY72YKgnt3LYb6a9fb1piFoOZSPCT8DkwvJKrPFC1yV14z0OZxUTRnCT8LHcLGsyI7uEgGQDp3ZWQQ1M0_4QFwA-KgYZJ_ldF6dsJ8N-Gi6T6_2hvV3I7Q2a1yJ91ljojuYhQer1ux4OmaDebQP-RTEEshJeiIILIEkys3mt_879eYRT1ZJteNHw-ZsH8jxvIS36lBeHzoM5lNaGy7a8vgeXMOASOG9awA3rr6Z62rLGB8%3D,Vote
u/bbakes25,718 Comments,14 hours ago,[Woo] Today", Yadier Molina will become the only catcher in MLB history to catch 2",000 games exclusively w/ one team. History.,https://www.reddit.com/r/baseball/comments/mqrvse/woo_today_yadier_molina_will_become_the_only/,8.1k
u/Solarljos,198 Comments,11 hours ago,Yadier Molina recieves standing ovation after starting in his 2",000th game with the Cardinals,https://www.reddit.com/r/baseball/comments/mqvs5g/yadier_molina_recieves_standing_ovation_after/,3.3k
u/vorp_nation,260 Comments,9 hours ago,[Highlight] Bo Bichette and the Blue Jays walk-off the Yankees!,https://www.reddit.com/r/baseball/comments/mqytg6/highlight_bo_bichette_and_the_blue_jays_walkoff/,1.6k
u/BaseballBot,1.4k Comments,3 hours ago,No-H****r Alert - Rodón (White Sox) vs. Indians,https://www.reddit.com/r/baseball/comments/mr5bgg/nohr_alert_rod%C3%B3n_white_sox_vs_indians/,539
u/BaseballBot,79 Comments,2 hours ago,[MLB Highlight] Rodón completes the no-hitter against the Indians.,https://www.reddit.com/r/baseball/comments/mr68h8/mlb_highlight_rod%C3%B3n_completes_the_nohitter/,445
u/yianni1229,119 Comments,2 hours ago,[Post Series Thread] The Tigers sweep the Astros in 3 games in Houston,https://www.reddit.com/r/baseball/comments/mr6ees/post_series_thread_the_tigers_sweep_the_astros_in/,357
u/efitz11,101 Comments,4 hours ago,Yermin Mercedes crushes a 431 ft home run,https://www.reddit.com/r/baseball/comments/mr3tke/yermin_mercedes_crushes_a_431_ft_home_run/,577
u/Playstation,0 Comments,6 hours ago,Knowing you get to keep your MLB The Show 21 player cards forever once you earn them has me feeling:,https://www.reddit.com/user/Playstation/comments/mr1ixr/knowing_you_get_to_keep_your_mlb_the_show_21/?instanceId=t3_z%3DgAAAAABgd81q_jglDT2x8hFYElc7Z9VVO2PtpNaheGGd4XEMTBPD2Ol25FKn4crx7JL5SoYeelQ2WLm2324SQTvI0wTxRpggFBa0o1MOOqLTp3E4jYrMVrBjPdxaHNvvVZv0qaMhYucpW0ZEs-5HAETKLiccb2onyMHR2hVrj3G3WFqdjSEp0wUxsPjys8oZEnaE90bRyegkyykkg7hFW9jdRgID64AyZYuwU--bnErTNAhtjHhL13asu4PAjBtUQW_c16rjQEeQdbrw0azxp9v3HLP-zTx__d-M4MyyXtnSDZt0Froe74RLKvonwp06qQMJmSMxn_J_q2R4NGCwxPQ2lrNYEviD2mLmeUqO9pC4X_8Eu1bdDdhJOB1ztmnRrC4WZpi-GHv-kuqhTQiLTXnllnXbnyY91V0AxF0zzrAM0drmgfd0J_jsbt3IgQl7lClbDYs0WAEcTHhLhfCgf7GX9sylDfJTny3aJZO2nY66nUMo6biW1KeN_Kw-zwPvxpE1soggpMmvnZQhN3h-CoksjmtE65EgdSN9qLakMHTP-Li5DAD3QpTaRR-it-Q08ihlg49aJgJ2KhpLQzxfvYy7tCzfAg0gO_4rgW6CEWnJMI6SYAJUAuNH1EHOaoDZS_lQgCbXoOVAYbBdnyvEjYxpp9vYIooBTd-TlVgto88a2hfji3no973zM5CcTbAm6VrKSzYNzPj-U8K_CmAKEJJ32Ow0PDxR9tzKENMRcOXNM7WiRQyQgOihRdVQLK-HmZNFoEcufAyij4gXlc0bMyp6A32CnIdksZ9dMkVwtrXzD8qzEH4tFL702AQQxc7B02c-jn_PjThNQN3T2mjMu3nqoPMCyoTwPhowwH52c5KhuOC7_9aui14%3D,Vote
u/handlit33,134 Comments,3 hours ago,Ronald Acuña Jr. ties the game with his second home run of the game.,https://www.reddit.com/r/baseball/comments/mr4ye9/ronald_acu%C3%B1a_jr_ties_the_game_with_his_second/,441
u/bobichetteismydaddy,131 Comments,10 hours ago,Aaron Judge momentarily forgets how to play baseball", Cavan Biggio one-ups him by forgetting how to play baseball AND ending the inning,https://www.reddit.com/r/baseball/comments/mqxei8/aaron_judge_momentarily_forgets_how_to_play/,1.5k
u/Flopcandy,98 Comments,5 hours ago,The 2021 Red Sox (9-3) are the first team in MLB history to start a season with a 3+ game losing streak and then immediately follow it up with a 9+ game winning streak,https://www.reddit.com/r/baseball/comments/mr3ad9/the_2021_red_sox_93_are_the_first_team_in_mlb/,552
u/TomasRoncero,133 Comments,2 hours ago,CLE@CWS: Carlos Rodón’s pitch hits Roberto Perez", ending the perfect game,https://www.reddit.com/r/baseball/comments/mr66vv/clecws_carlos_rod%C3%B3ns_pitch_hits_roberto_perez/,298
u/HmathForDayz,81 Comments,2 hours ago,Justin Turner homers into somebody's nachos.,https://www.reddit.com/r/baseball/comments/mr6i02/justin_turner_homers_into_somebodys_nachos/,274
u/vorp_nation,145 Comments,8 hours ago,[Highlight] Verdugo makes a diving grab in the outfield to win the game for the Red Sox.,https://www.reddit.com/r/baseball/comments/mqzrnd/highlight_verdugo_makes_a_diving_grab_in_the/,799
u/TomasRoncero,26 Comments,3 hours ago,PHI@NYM: James McCann hits his first home run as a Met,https://www.reddit.com/r/baseball/comments/mr4y2g/phinym_james_mccann_hits_his_first_home_run_as_a/,228
u/Chief_White_Halfoat,43 Comments,2 hours ago,Biggest improvements in sprint speed this year,https://www.reddit.com/r/baseball/comments/mr5qfk/biggest_improvements_in_sprint_speed_this_year/,194
